{
  "per_prompt": [
    {
      "prompt": "a blue character",
      "bcs": 0.11075016111135483,
      "crs": 0.0,
      "clip_score": 0.03943276405334473,
      "hei": 0.026191893965005875,
      "ram_mb": 4.154965400695801,
      "inference_time_s": 6424.5503741999855
    }
  ],
  "aggregate": {
    "bcs": 0.11075016111135483,
    "crs": 0.0,
    "clip_score": 0.03943276405334473,
    "hei": 0.026191893965005875,
    "ram_mb": 4.154965400695801,
    "inference_time_s": 6424.5503741999855
  }
}