epoch,total,render,bcs,crs,temp,clip,lr,time_s
51,0.120751,0.120013,0.000864,0.000000,0.001302,0.000000,1.00e-04,1309.7
52,0.120720,0.119993,0.000760,0.000000,0.001301,0.000000,9.98e-05,1434.4
53,0.120697,0.119974,0.000762,0.000000,0.001295,0.000000,9.90e-05,1166.4
54,0.120714,0.119985,0.000760,0.000000,0.001307,0.000000,9.78e-05,1172.9
55,0.120704,0.119983,0.000713,0.000000,0.001299,0.000000,9.61e-05,1316.6
56,0.120686,0.119966,0.000709,0.000000,0.001297,0.000000,9.40e-05,1292.7
57,0.120679,0.119952,0.000742,0.000000,0.001306,0.000000,9.14e-05,1161.9
